Time,Voltaje_VCSEL,Power,Voltaje_Photodiode
2.037234306335449,0,0.000216921224,5.290277429710876
2.0476720333099365,1,0.000216529777,5.297918652496939
2.0574827194213867,2,0.000216557746,5.285183281186839
2.0938267707824707,3,0.00021693985,5.297918652496939
2.1031365394592285,4,0.000216809378,5.295371578234921
2.113546371459961,5,0.000217526991,5.313201098069065
2.146848440170288,6,0.000217200824,5.315748172331084
2.1569199562072754,7,0.000217909124,5.264806687090676
2.166914224624634,8,0.000216632296,5.292824503972902
2.196502685546875,9,0.000217909124,5.290277429710876
2.206040143966675,10,0.000215970591,5.295371578234921
2.2161049842834473,11,0.000217051696,5.264806687090676
2.2486703395843506,12,0.000217256718,5.300465726758958
2.258726119995117,13,0.000217368564,5.3310306179032025
2.293856143951416,14,0.000216865301,5.272447909876739
2.304042100906372,15,0.000217797278,5.287730355448858
2.314429521560669,16,0.000216371351,5.310654023807039
2.324450969696045,17,0.000216949164,5.292824503972902
2.3340346813201904,18,0.000216110377,5.280089132662795
2.34342360496521,19,0.000216399276,5.262259612828657
2.3519129753112793,20,0.000216622982,5.290277429710876
2.3613131046295166,21,0.000215998531,5.305559875283002
2.3955001831054688,22,0.000217787965,5.2826362069248205
2.4054248332977295,23,0.000217321984,5.310654023807039
2.4154276847839355,24,0.00021666025,5.285183281186839
2.4477713108062744,25,0.000217620196,5.336124766427247
2.4583499431610107,26,0.000217694775,5.272447909876739
2.4913041591644287,27,0.000217489724,5.244430092994513
2.5013976097106934,28,0.000216967805,5.269900835614713
2.510735273361206,29,0.000217862515,5.267353761352695
2.5444893836975098,30,0.000215989217,5.259712538566632
2.5538017749786377,31,0.000217676119,5.341218914951284
2.5636990070343018,32,0.000216744142,5.325936469379165
2.5951783657073975,33,0.000217499037,5.257165464304613
2.6050922870635986,34,0.000216809378,5.313201098069065
2.613729953765869,35,0.000216222223,5.2826362069248205
2.624720811843872,36,0.000217461755,5.272447909876739
2.634108066558838,37,0.000217182169,5.285183281186839
2.6434571743011475,38,0.000216921224,5.287730355448858
2.6537702083587646,39,0.000217937093,5.308106949545021
2.6630821228027344,40,0.000217368564,5.292824503972902
2.6982247829437256,41,0.000216632296,5.295371578234921
2.709449052810669,42,0.000216604327,5.259712538566632
2.7469217777252197,43,0.000216595014,5.328483543641184
2.7574996948242188,44,0.000216716173,5.272447909876739
2.7673184871673584,45,0.000217815934,5.269900835614713
2.7981131076812744,46,0.00021809552,5.315748172331084
2.808436870574951,47,0.000216883927,5.300465726758958
2.8482353687286377,48,0.000217107619,5.285183281186839
2.8589417934417725,49,0.000217135588,5.303012801020984
2.8960037231445312,50,0.000217405832,5.285183281186839
2.9057493209838867,51,0.000218440357,5.3310306179032025
2.9150760173797607,52,0.000218011643,5.325936469379165
2.924746513366699,53,0.000217787965,5.292824503972902
2.934079885482788,54,0.000218151443,5.341218914951284
2.9431710243225098,55,0.000218011643,5.305559875283002
2.9531688690185547,56,0.000217713387,5.341218914951284
2.9621901512145996,57,0.000217275359,5.2826362069248205
2.9969632625579834,58,0.000218319197,5.325936469379165
3.006981372833252,59,0.000217778623,5.300465726758958
3.01706862449646,60,0.000218533547,5.297918652496939
3.0491678714752197,61,0.000219157984,5.318295246593102
3.059866189956665,62,0.000217582929,5.328483543641184
3.095161199569702,63,0.000218841116,5.371783806095529
3.1050777435302734,64,0.000218235306,5.303012801020984
3.1150882244110107,65,0.000218813148,5.308106949545021
3.147420644760132,66,0.000219120702,5.315748172331084
3.157663106918335,67,0.000218300571,5.297918652496939
3.1683382987976074,68,0.000218300571,5.351407211999366
3.197741985321045,69,0.000218850415,5.336124766427247
3.2082343101501465,70,0.000219297784,5.3386718406892655
3.220877170562744,71,0.000219875626,5.3310306179032025
3.231394052505493,72,0.000219875626,5.3310306179032025
3.2404260635375977,73,0.000220173868,5.3310306179032025
3.2494406700134277,74,0.000219558759,5.359048434785429
3.2594401836395264,75,0.000219018199,5.387066251667655
3.2961368560791016,76,0.000219400303,5.323389395117147
3.3057327270507812,77,0.000219829017,5.320842320855121
3.3157498836517334,78,0.000221003342,5.36923673183351
3.3484554290771484,79,0.000221208364,5.353954286261391
3.3580410480499268,80,0.000220966045,5.376877954619573
3.3944272994995117,81,0.00022087284,5.3666896575714915
3.4053828716278076,82,0.000220369577,5.371783806095529
3.414045810699463,83,0.000221618451,5.364142583309473
3.4501113891601562,84,0.000220928763,5.422725291335944
3.459892988204956,85,0.000222196293,5.361595509047447
3.4968466758728027,86,0.000221357492,5.348860137737347
3.50681734085083,87,0.00022110586,5.3743308803575545
3.5166544914245605,88,0.000222680916,5.427819439859981
3.5251340866088867,89,0.00022352903,5.387066251667655
3.5363452434539795,90,0.00022308169,5.36923673183351
3.5464725494384766,91,0.000222401315,5.389613325929673
3.5573196411132812,92,0.000222149683,5.435460662646044
3.5673208236694336,93,0.000222475894,5.427819439859981
3.599698066711426,94,0.00022298847,5.4023486972397805
3.609471559524536,95,0.000222364048,5.397254548715736
3.649280071258545,96,0.000224414427,5.397254548715736
3.659602403640747,97,0.000224078904,5.415084068549881
3.697199821472168,98,0.000224386458,5.422725291335944
3.7076351642608643,99,0.000224712669,5.4023486972397805
3.7461609840393066,100,0.000224908377,5.471119702314326
3.7556095123291016,101,0.000225076146,5.409989920025836
3.7664268016815186,102,0.000225066819,5.394707474453718
3.799330472946167,103,0.000224237345,5.448196033956144
3.808328151702881,104,0.000224209376,5.4507431082181625
3.821166515350342,105,0.0002255328,5.47621385083837
3.8316893577575684,106,0.000225048192,5.473666776576351
3.841351270675659,107,0.000225225245,5.4507431082181625
3.8503453731536865,108,0.000224796531,5.432913588384025
3.8600451946258545,109,0.000224889751,5.430366514121999
3.8984925746917725,110,0.000225579424,5.443101885432107
3.9079904556274414,111,0.000225309137,5.47621385083837
3.9466474056243896,112,0.000227284967,5.468572628052307
3.9567179679870605,113,0.000227396798,5.473666776576351
3.9667184352874756,114,0.000227266326,5.46347847952827
3.9984259605407715,115,0.000225998825,5.455837256742207
4.009235858917236,116,0.00022635296,5.468572628052307
4.049591541290283,117,0.000227881435,5.504231667720596
4.060018301010132,118,0.000228347431,5.4864021478864515
4.098198413848877,119,0.000226996039,5.4940433706725145
4.108291387557983,120,0.000227937358,5.527155336078778
4.119093894958496,121,0.000227806886,5.4940433706725145
4.129751443862915,122,0.000227956014,5.471119702314326
4.140130043029785,123,0.000229204859,5.496590444934533
4.1496851444244385,124,0.000228226272,5.516967039030696
4.160427093505859,125,0.000228161036,5.4864021478864515
4.2002339363098145,126,0.000228720222,5.47621385083837
4.209784269332886,127,0.000228776145,5.46347847952827
4.250418663024902,128,0.000230668098,5.473666776576351
4.261167764663696,129,0.000230528283,5.534796558864841
4.299829006195068,130,0.000230630816,5.50168459345857
4.310337781906128,131,0.000230975653,5.565361450009085
4.349298000335693,132,0.000230873135,5.534796558864841
4.3592917919158936,133,0.000231199316,5.539890707388878
4.397291660308838,134,0.000232112681,5.537343633126859
4.407466650009155,135,0.00023113408,5.552626078698978
4.420177221298218,136,0.000233072627,5.56281437574706
4.431051254272461,137,0.000231870363,5.56281437574706
4.441033840179443,138,0.0002333429,5.555173152961004
4.450389623641968,139,0.000232261795,5.613755860987467
4.460459232330322,140,0.000232373655,5.603567563939386
4.499452590942383,141,0.000231805127,5.56281437574706
4.509643793106079,142,0.000231646685,5.631585380821612
4.548262119293213,143,0.00023284895,5.639226603607675
4.559415578842163,144,0.000234638399,5.62139708377353
4.596740007400513,145,0.000233203114,5.611208786725449
4.606552839279175,146,0.000234470615,5.657056123441819
4.615790843963623,147,0.000233958024,5.636679529345656
4.650562763214111,148,0.00023496458,5.659603197703838
4.660016059875488,149,0.000234396066,5.598473415415349
4.698962450027466,150,0.000233734347,5.641773677869693
4.7087788581848145,151,0.000235495827,5.651961974917775
4.71966028213501,152,0.000234396066,5.657056123441819
4.729598522186279,153,0.000234619743,5.687621014586064
4.739592790603638,154,0.000234358769,5.651961974917775
4.749408960342407,155,0.000234191029,5.677432717537982
4.759075403213501,156,0.000235449217,5.672338569013938
4.797624588012695,157,0.000235095038,5.723280054254346
4.80806303024292,158,0.000234722247,5.674885643275957
4.817655086517334,159,0.000236055013,5.74110957408849
4.8525917530059814,160,0.000236027059,5.723280054254346
4.861586332321167,161,0.000237192042,5.769127390970716
4.899378776550293,162,0.000236921755,5.743656648350509
4.909373998641968,163,0.00023710815,5.730921277040409
4.948330402374268,164,0.000237825807,5.7895039850668795
4.958736896514893,165,0.000238795066,5.764033242446672
4.997959852218628,166,0.000238953493,5.758939093922635
5.008762359619141,167,0.000238338383,5.771674465232735
5.020893096923828,168,0.00023899079,5.804786430638998
5.030845880508423,169,0.000238785753,5.830257173259206
5.0398547649383545,170,0.000239866858,5.804786430638998
5.050661087036133,171,0.000239894813,5.7895039850668795
5.060014486312866,172,0.000240323527,5.7818627622808165
5.098502159118652,173,0.000239587258,5.807333504901017
5.109553098678589,174,0.000239810935,5.835351321783243
5.149205923080444,175,0.000242196838,5.8455396188313244
5.159347772598267,176,0.000240584501,5.832804247521224
5.198959827423096,177,0.000242075679,5.8455396188313244
5.209845781326294,178,0.00024070566,5.82771009899718
5.252074480056763,179,0.000242271402,5.855727915879406
5.261662483215332,180,0.00024289584,5.82771009899718
5.300148248672485,181,0.000241926551,5.812427653425061
5.311018228530884,182,0.000242140915,5.840445470307287
5.320671796798706,183,0.000243548217,5.848086693093343
5.330764293670654,184,0.000243240662,5.853180841617387
5.341066598892212,185,0.000242467111,5.868463287189506
5.350342273712158,186,0.000243128845,5.842992544569306
5.359336853027344,187,0.00024315677,5.835351321783243
5.39513087272644,188,0.0002441447,5.81497472768708
5.405705213546753,189,0.00024303564,5.8378983960452615
5.415208101272583,190,0.000246586511,5.80223935637698
5.449010133743286,191,0.000245272415,5.840445470307287
5.458949327468872,192,0.000245374948,5.876104509975569
5.49365758895874,193,0.000246539916,5.86082206440345
5.503652095794678,194,0.000245738425,5.86082206440345
5.512082576751709,195,0.000247909949,5.86082206440345
5.5460615158081055,196,0.000247490563,5.868463287189506
5.556054592132568,197,0.000247490563,5.916857698167895
5.565049409866333,198,0.00024738806,5.858274990141425
5.595885515213013,199,0.000247332122,5.876104509975569
5.606015920639038,200,0.000248320022,5.906669401119814
5.616016149520874,201,0.000249512988,5.891386955547695
5.625547409057617,202,0.000250006939,5.850633767355369
5.634545564651489,203,0.000250156067,5.876104509975569
5.643540143966675,204,0.000249494333,5.919404772429921
5.653534650802612,205,0.000249624834,5.893934029809714
5.663528919219971,206,0.000248711469,5.86082206440345
5.698834180831909,207,0.000249895093,5.868463287189506
5.7086341381073,208,0.000249690056,5.881198658499613
5.746625900268555,209,0.000251628604,6.000911148814573
5.757355451583862,210,0.000251199875,6.003458223076592
5.794834852218628,211,0.000250631361,5.942328440788103
5.805351734161377,212,0.000251246471,5.985628703242448
5.814581394195557,213,0.000253651029,6.087511673723263
5.849560022354126,214,0.000253669656,6.059493856841037
5.859554052352905,215,0.000253362086,6.072229228151144
5.896955251693726,216,0.000253306207,6.011099445862655
5.906709432601929,217,0.000252709695,6.003458223076592
5.917282819747925,218,0.000255254039,6.1129824163434705
5.927782297134399,219,0.000254508457,6.087511673723263
5.937246799468994,220,0.000254247483,6.115529490605489
5.947631120681763,221,0.000254107697,6.072229228151144
5.956626892089844,222,0.000254769402,6.062040931103063
5.966433048248291,223,0.000255291321,6.148641456011752
5.9964072704315186,224,0.000254601648,6.1129824163434705
6.006314516067505,225,0.000254433893,6.123170713391552
6.016052722930908,226,0.000257872947,6.176659272893978
6.049249649047852,227,0.000257118023,6.153735604535797
6.058857440948486,228,0.000256847736,6.202130015514179
6.093152046203613,229,0.000257378997,6.207224164038223
6.103943824768066,230,0.000256652042,6.247977352230549
6.112938642501831,231,0.000257910229,6.214865386824286
6.146754026412964,232,0.000258171174,6.255618575016612
6.156754016876221,233,0.000258879474,6.21231831256226
6.165752649307251,234,0.000257891574,6.189394644204079
6.195537567138672,235,0.000257900916,6.255618575016612
6.205533742904663,236,0.000258432148,6.225053683872368
6.215667963027954,237,0.000261479756,6.298918837470957
6.225032329559326,238,0.000261172187,6.250524426492568
6.234049081802368,239,0.000260734174,6.2530715007545865
6.243345022201538,240,0.000261228124,6.237789055182468
6.2523112297058105,241,0.000260398636,6.237789055182468
6.262042284011841,242,0.000261134905,6.250524426492568
6.296144485473633,243,0.000260529108,6.227600758134386
6.307299375534058,244,0.000261125591,6.270901020588731
6.3172948360443115,245,0.000263483555,6.237789055182468
6.345992565155029,246,0.000263185299,6.242883203706505
6.3553502559661865,247,0.000263483555,6.227600758134386
6.364231109619141,248,0.000262821821,6.268353946326712
6.395732641220093,249,0.000263614027,6.2607127235406494
6.405128717422485,250,0.000262365153,6.214865386824286
6.414984464645386,251,0.000264713774,6.245430277968531
6.448641777038574,252,0.000264415517,6.247977352230549
6.458524465560913,253,0.000264639209,6.296371763208938
6.494082450866699,254,0.000264359609,6.258165649278631
6.504343271255493,255,0.000264508737,6.278542243374794
6.513667583465576,256,0.000266810734,6.30656006025702
6.523682355880737,257,0.00026689464,6.298918837470957
6.533655881881714,258,0.000267267431,6.293824688946913
6.54206919670105,259,0.000267807976,6.293824688946913
6.55312705039978,260,0.000268264674,6.293824688946913
6.563351631164551,261,0.000266866671,6.283636391898831
6.6002092361450195,262,0.000267053052,6.293824688946913
6.610666751861572,263,0.000266242248,6.321842505829139
6.652489900588989,264,0.000269895652,6.398254733689754
6.6620824337005615,265,0.000270203192,6.40589595647581
6.699637413024902,266,0.000269345765,6.3804252138556095
6.71064019203186,267,0.000268935692,6.423725476309954
6.7494282722473145,268,0.000270641234,6.538343818100877
6.759815692901611,269,0.000270725111,6.454290367454199
6.798780679702759,270,0.000271918077,6.497590629908551
6.808669805526733,271,0.00027087424,6.467025738764306
6.821517705917358,272,0.000272290868,6.563814560721077
6.83045768737793,273,0.000273325393,6.568908709245122
6.840641736984253,274,0.000272570469,6.579097006293203
6.8489906787872314,275,0.000273232174,6.502684778432588
6.858984708786011,276,0.0002729712,6.568908709245122
6.896495342254639,277,0.000273390615,6.563814560721077
6.90612006187439,278,0.000271983299,6.563814560721077
6.914894342422485,279,0.000274928403,6.624944343009567
6.948752403259277,280,0.000275077531,6.640226788581693
6.957536220550537,281,0.000274378515,6.599473600389366
6.995060920715332,282,0.000275468978,6.604567748913404
7.004037618637085,283,0.000274872466,6.614756045961485
7.014050483703613,284,0.000275981554,6.599473600389366
7.050029277801514,285,0.000276112027,6.63258556579563
7.060004711151123,286,0.000276279781,6.622397268747548
7.099001407623291,287,0.000277099956,6.6198501944855295
7.107976913452148,288,0.000276960141,6.602020674651385
7.11897087097168,289,0.000278404739,6.652962159891793
7.128965139389038,290,0.000278656371,6.630038491533611
7.137959957122803,291,0.000279224885,6.627491417271585
7.146954774856567,292,0.000279103726,6.617303120223504
7.155949592590332,293,0.000278908003,6.596926526127341
7.164944410324097,294,0.000279541768,6.655509234153811
7.198000192642212,295,0.000278674997,6.635132640057648
7.207598924636841,296,0.000278982567,6.635132640057648
7.217236280441284,297,0.000280371256,6.627491417271585
7.250434875488281,298,0.000281759916,6.63258556579563
7.25965690612793,299,0.000281191373,6.637679714319667
7.296403408050537,300,0.000281554851,6.6198501944855295
7.307587146759033,301,0.000280231441,6.670791679725937
7.31760048866272,302,0.000283549307,6.688621199560075
7.347304344177246,303,0.000282580062,6.754845130372608
7.357370376586914,304,0.000282412308,6.706450719394219
7.367351531982422,305,0.000282906258,6.701356570870182
7.397625207901001,306,0.000282412308,6.688621199560075
7.407703638076782,307,0.000282719848,6.711544867918263
7.419480800628662,308,0.000286075025,6.818521986923116
7.431204319000244,309,0.000286168244,6.8236161354471605
7.440199136734009,310,0.000285581074,6.846539803805342
7.449193954467773,311,0.000285068469,6.818521986923116
7.459188222885132,312,0.000284937996,6.828710283971198
7.495185613632202,313,0.000285180315,6.831257358233216
7.50516152381897,314,0.000285869988,6.836351506757261
7.514156341552734,315,0.000288199983,6.940781551500095
7.548150062561035,316,0.0002878831,6.933140328714032
7.558131694793701,317,0.00028856346,6.956063997072221
7.567126035690308,318,0.000288898969,6.958611071334239
7.5979530811309814,319,0.000289001473,6.958611071334239
7.6086931228637695,320,0.000287845818,6.9076695860938315
7.647074222564697,321,0.000291126431,7.00445840805061
7.657896041870117,322,0.00029084683,7.0273820764087915
7.668203353881836,323,0.000291173026,6.968799368382321
7.698584079742432,324,0.000292235491,6.963705219858284
7.708909034729004,325,0.000291452627,6.994270111002528
7.718932390213013,326,0.000292608311,6.996817185264547
7.729885101318359,327,0.000292915851,6.966252294120302
7.740442276000977,328,0.000292804005,6.966252294120302
7.75072169303894,329,0.000293540274,6.968799368382321
7.759844541549683,330,0.000292748067,6.953516922810195
7.799494981765747,331,0.000293046323,7.024835002146773
7.809346914291382,332,0.000293624151,6.948422774286158
7.850418567657471,333,0.000296504033,6.984081813954447
7.860987901687622,334,0.00029562795,6.9993642595265655
7.900102376937866,335,0.000295860955,7.007005482312628
7.911648988723755,336,0.00029572114,6.9713464426443394
7.950445652008057,337,0.000297491933,7.001911333788584
7.9608848094940186,338,0.000297557155,7.022287927884747
8.001293897628784,339,0.000297165738,7.019740853622729
8.010222911834717,340,0.000296792918,6.9993642595265655
8.022215843200684,341,0.000297902006,7.070682338863136
8.032210111618042,342,0.000297855411,7.0834177101732365
8.041204929351807,343,0.000298368017,7.101247230007381
8.050988674163818,344,0.00029908563,7.070682338863136
8.059220314025879,345,0.000297920633,7.052852819028992
8.097238063812256,346,0.000298414583,7.0350232991948545
8.107247114181519,347,0.000299402542,7.088511858697281
8.117246150970459,348,0.000301853666,7.226053868846378
8.149319887161255,349,0.000300707296,7.228600943108404
8.159590244293213,350,0.000301546126,7.23624216589446
8.19677734375,351,0.000301527471,7.205677274750215
8.206044912338257,352,0.00030084711,7.218412646060322
8.21518087387085,353,0.00030303729,7.266807057038704
8.250043630599976,354,0.000302617904,7.315201468017094
8.260023832321167,355,0.000302058703,7.264259982776686
8.297616958618164,356,0.000302123924,7.271901205562749
8.308110475540161,357,0.000302683155,7.302466096706993
8.317076206207275,358,0.000304845336,7.325389765065175
8.327450513839722,359,0.000303680368,7.338125136375275
8.33756971359253,360,0.000305096968,7.3304839135892195
8.347695350646973,361,0.00030479877,7.373784176043564
8.357700824737549,362,0.000304714864,7.320295616541138
8.393760442733765,363,0.000305348629,7.317748542279112
8.404900789260864,364,0.000304379355,7.340672210637301
8.41359829902649,365,0.000308675837,7.411990289973872
8.45044493675232,366,0.000307930255,7.34321928489932
8.459513187408447,367,0.000307715905,7.345766359161338
8.49551010131836,368,0.000307809096,7.361048804733464
8.505486726760864,369,0.000307464274,7.363595878995483
8.514480352401733,370,0.000309281633,7.3228426908031565
8.546663999557495,371,0.000309579889,7.4068961414498276
8.556006908416748,372,0.000310241594,7.417084438497909
8.565717697143555,373,0.000310437317,7.3788783245676015
8.597601890563965,374,0.000310679636,7.4145373642358905
8.607617616653442,375,0.00031007384,7.376331250305583
8.62067437171936,376,0.00031362474,7.48840251783448
8.631073236465454,377,0.000313550147,7.490949592096506
8.640284061431885,378,0.000313354452,7.485855443572461
8.6502685546875,379,0.000313922937,7.48840251783448
8.660268783569336,380,0.000313922937,7.501137889144587
8.700037240982056,381,0.000313028228,7.496043740620543
8.70994758605957,382,0.000313326484,7.457837626690235
8.747026443481445,383,0.000316681631,7.633585750769647
8.758002519607544,384,0.000316746882,7.631038676507622
8.796383619308472,385,0.000316346122,7.600473785363377
8.805854082107544,386,0.000315842859,7.605567933887421
8.81484842300415,387,0.000318480394,7.7099979786302555
8.851553201675415,388,0.000317921222,7.7099979786302555
8.861438512802124,389,0.000318312639,7.699809681582174
8.899064064025879,390,0.000318732025,7.692168458796111
8.909043550491333,391,0.00031757637,7.676886013223992
8.919037818908691,392,0.000320456224,7.7405628697745
8.929047107696533,393,0.000319747895,7.7456570182985445
8.939139604568481,394,0.000319710613,7.766033612394708
8.94897723197937,395,0.000319617422,7.766033612394708
8.958746671676636,396,0.000320959487,7.755845315346626
8.995445489883423,397,0.000320484163,7.773674835180763
9.005934000015259,398,0.000321127241,7.743109944036519
9.01528286933899,399,0.000324128254,7.786410206490871
9.0506112575531,400,0.000322907348,7.763486538132682
9.060464859008789,401,0.000323009881,7.7380157955124815
9.098426818847656,402,0.000323708897,7.796598503538952
9.108115196228027,403,0.00032313104,7.776221909442789
9.145678758621216,404,0.000324911147,7.827163394683197
9.155409574508667,405,0.000325041619,7.816975097635115
9.165872812271118,406,0.000325423753,7.81442802337309
9.198182821273804,407,0.00032597364,7.816975097635115
9.207841157913208,408,0.000324873865,7.796598503538952
9.220637798309326,409,0.000326709909,7.862822434351479
9.231510400772095,410,0.000327623246,7.87301073139956
9.240622282028198,411,0.000327763031,7.870463657137542
9.249976634979248,412,0.000327287707,7.8577282858274415
9.260641813278198,413,0.000326859008,7.878104879923605
9.299904346466064,414,0.000327474118,7.850087063041379
9.309918880462646,415,0.000327986723,7.880651954185623
9.349424600601196,416,0.000330102339,8.048758855478972
9.359140634536743,417,0.000329915929,7.967252479094313
9.397312879562378,418,0.000330167561,8.036023484168865
9.408675193786621,419,0.000330950454,8.020741038596746
9.44851803779602,420,0.000331612158,8.02838226138281
9.457512855529785,421,0.000332264579,8.086964969409273
9.495491027832031,422,0.000332739874,8.079323746623217
9.505485534667969,423,0.000331574876,8.06658837531311
9.514487981796265,424,0.000334100594,8.102247414981399
9.524474620819092,425,0.000334529323,8.143000603173725
9.533469676971436,426,0.000334557262,8.127718157601599
9.542464256286621,427,0.000333830307,8.114982786291499
9.551459312438965,428,0.000334445416,8.122624009077562
9.561466932296753,429,0.000334370852,8.104794489243417
9.598944664001465,430,0.000334035372,8.127718157601599
9.609640836715698,431,0.000334426761,8.140453528911706
9.64996337890625,432,0.000337082951,8.061494226789073
9.659369230270386,433,0.000336840632,8.132812306125643
9.697793245315552,434,0.000337082951,8.120076934815543
9.707833528518677,435,0.000336048455,8.09970034071938
9.74581241607666,436,0.000338350452,8.107341563505436
9.755806684494019,437,0.000338052254,8.117529860553518
9.764801502227783,438,0.000339319755,8.064041301051091
9.799115657806396,439,0.000338928308,8.081870820885236
9.808958768844604,440,0.000338266604,8.074229598099173
9.820766925811768,441,0.000340643164,8.16083012300787
9.830681800842285,442,0.000340354251,8.176112568579988
9.84060525894165,443,0.000340587256,8.163377197269888
9.849759578704834,444,0.000340512692,8.171018420055951
9.858773708343506,445,0.00034016787,8.16083012300787
9.898993253707886,446,0.000339804392,8.140453528911706
9.908873796463013,447,0.000341034611,8.163377197269888
9.947455644607544,448,0.000342963845,8.313654578729093
9.957436561584473,449,0.000342768093,8.341672395611312
9.967195272445679,450,0.000343327323,8.341672395611312
10.000361204147339,451,0.000343010412,8.341672395611312
10.010567426681519,452,0.000344128814,8.290730910370904
10.051971197128296,453,0.000345088774,8.387519732327682
10.063063144683838,454,0.000344790518,8.362048989707475
10.100863456726074,455,0.000345433597,8.374784361017582
10.110932111740112,456,0.000344715983,8.387519732327682
10.121237754821777,457,0.00034729758,8.405349252161827
10.131120443344116,458,0.000346533343,8.407896326423845
10.140271425247192,459,0.000346337649,8.456290737402234
10.149824142456055,460,0.000346645189,8.410443400685864
10.159297704696655,461,0.000347316236,8.428272920520008
10.197364091873169,462,0.000346691784,8.387519732327682
10.20764684677124,463,0.000347139168,8.42572584625799
10.246074438095093,464,0.000350130867,8.346766544135356
10.255586862564087,465,0.00035016812,8.372237286755556
10.264700889587402,466,0.000349823298,8.384972658065664
10.296642541885376,467,0.000350652786,8.344219469873337
10.305796146392822,468,0.000349776703,8.362048989707475
10.315041780471802,469,0.000353523297,8.458837811664253
10.345458269119263,470,0.000353691081,8.443555366092127
10.355551719665527,471,0.000353961339,8.443555366092127
10.364761352539062,472,0.000353430107,8.502138074118598
10.397178649902344,473,0.000353979965,8.428272920520008
10.407154321670532,474,0.000353709678,8.415537549209908
10.416149139404297,475,0.000355853263,8.560720782145069
10.42514443397522,476,0.000355648255,8.565814930669113
10.435138940811157,477,0.000355993077,8.560720782145069
10.444133043289185,478,0.000356235396,8.591285673289313
10.453128099441528,479,0.000356682751,8.573456153455169
10.463122129440308,480,0.000356188801,8.568362004931132
10.498329162597656,481,0.000355788041,8.550532485096987
10.50806975364685,482,0.000355433905,8.61930349017154
10.516671180725098,483,0.000360009959,8.698262792294173
10.548380374908447,484,0.00036056916,8.682980346722047
10.558356761932373,485,0.000360028615,8.682980346722047
10.594156503677368,486,0.000361053797,8.698262792294173
10.605242013931274,487,0.000360485312,8.675339123935984
10.614913940429688,488,0.000362442457,8.642227158529721
10.649667978286743,489,0.000363355823,8.60656811886144
10.659963130950928,490,0.000363709987,8.67788619819801
10.698134660720825,491,0.000363514264,8.639680084267702
10.708237648010254,492,0.000363169413,8.63203886148164
10.71831226348877,493,0.000364753825,8.591285673289313
10.7292640209198,494,0.000366086548,8.588738599027295
10.738203763961792,495,0.00036504271,8.609115193123458
10.74807071685791,496,0.000365117303,8.593832747551332
10.756991624832153,497,0.000365844229,8.560720782145069
10.76711368560791,498,0.000365648535,8.601473970337395
10.79914402961731,499,0.000365956075,8.588738599027295
10.808943271636963,500,0.000364874984,8.596379821813358
10.848002195358276,501,0.000368136942,8.774675020154781
10.857624530792236,502,0.000368612265,8.746657203272555
10.895041227340698,503,0.000367866654,8.759392574582662
10.905234098434448,504,0.000367726869,8.761939648844681
10.915264129638672,505,0.000368826615,8.861275545063478
10.947771549224854,506,0.000369190093,8.81033405982307
10.95807695388794,507,0.000369516289,8.820522356871152
10.96813702583313,508,0.000368574954,8.853634322277415
11.000078916549683,509,0.000369506975,8.833257728181252
11.009339094161987,510,0.000368761393,8.84854017375337
11.022098779678345,511,0.000370094116,8.840898950967315
11.032081604003906,512,0.000371482776,8.843446025229333
11.041585683822632,513,0.0003705415,8.866369693587515
11.051232814788818,514,0.000370811758,8.843446025229333
11.060038328170776,515,0.000371370959,8.845993099491352
11.099854946136475,516,0.000370224589,8.830710653919233
11.110569477081299,517,0.000370699912,8.889293361945697
11.150145769119263,518,0.000371361617,8.759392574582662
11.159711837768555,519,0.000371510745,8.761939648844681
11.199116945266724,520,0.000371315051,8.741563054748518
11.209391832351685,521,0.000371342991,8.728827683438418
11.249975442886353,522,0.000372983282,8.789957465726907
11.259482383728027,523,0.000373067189,8.779769168678826
11.299386501312256,524,0.000372247014,8.774675020154781
11.309279203414917,525,0.000372442766,8.7517513517966
11.319700956344604,526,0.000371995382,8.856181396539434
11.330426454544067,527,0.000372032664,8.874010916373578
11.340469598770142,528,0.000371370959,8.858728470801452
11.349820137023926,529,0.000372936716,8.838351876705289
11.359814167022705,530,0.000372489332,8.856181396539434
11.396871566772461,531,0.000372060633,8.87146384211156
11.406606912612915,532,0.00037214451,8.840898950967315
11.415601015090942,533,0.000373589108,9.031929520618839
11.449381589889526,534,0.000373617047,9.011552926522675
11.458276271820068,535,0.000373672985,9.072682708811172
11.49403166770935,536,0.000374409254,9.054853188977027
11.503026485443115,537,0.00037442788,8.993723406688538
11.512021780014038,538,0.000375965697,8.960611441282268
11.545933485031128,539,0.000374968455,8.947876069972168
11.555883884429932,540,0.000374884548,9.011552926522675
11.564916372299194,541,0.000375145522,8.97079973833035
11.59679126739502,542,0.000375210773,8.991176332426512
11.607126235961914,543,0.000375387841,8.986082183902475
11.616556882858276,544,0.000376273238,8.940234847186105
11.627453804016113,545,0.000377410266,8.914764104565904
11.637986898422241,546,0.000376068201,8.945328995710149
11.648115158081055,547,0.000376366428,8.96825266406833
11.658238410949707,548,0.000376934942,8.958064367020249
11.694269895553589,549,0.000377186574,8.932593624400049
11.703893661499023,550,0.000376841752,8.940234847186105
11.712440490722656,551,0.000378127879,9.09051222864531
11.745436429977417,552,0.000378230412,9.054853188977027
11.755436182022095,553,0.000378705736,9.113435897003498
11.764561653137207,554,0.00037828632,9.039570743404902
11.796691179275513,555,0.000378230412,9.054853188977027
11.805685997009277,556,0.000378537981,9.07777685733521
11.815061569213867,557,0.00037986142,9.230601313056432
11.848920345306396,558,0.000379963923,9.243336684366533
11.858898878097534,559,0.000379712292,9.21022471896027
11.8941330909729,560,0.00038056972,9.235695461580477
11.90459418296814,561,0.000380504498,9.217865941746332
11.91388463973999,562,0.00038205157,9.177112753554006
11.922653675079346,563,0.000382797152,9.187301050602088
11.93142056465149,564,0.000382582803,9.205130570436232
11.941558837890625,565,0.000382079539,9.235695461580477
11.951526641845703,566,0.00038217273,9.200036421912188
11.961043119430542,567,0.000382415048,9.151642010933799
11.999824047088623,568,0.000382154103,9.169471530767943
12.010451078414917,569,0.00038266668,9.177112753554006
12.051284790039062,570,0.000385164458,9.156736159457843
12.061450958251953,571,0.000385826133,9.131265416837635
12.098429918289185,572,0.000385024643,9.164377382243906
12.109161376953125,573,0.000385238993,9.187301050602088
12.148200750350952,574,0.000386143016,9.212771793222288
12.158867835998535,575,0.000386469241,9.182206902078043
12.19673490524292,576,0.000385621126,9.179659827816025
12.20699405670166,577,0.000386879285,9.230601313056432
12.215831995010376,578,0.000387671491,9.309560615179066
12.225426197052002,579,0.000388603454,9.235695461580477
12.23442006111145,580,0.000388323911,9.314654763703103
12.244414329528809,581,0.000387708773,9.240789610104514
12.253409147262573,582,0.000387410546,9.324843060751185
12.263201475143433,583,0.000387401233,9.286636946820884
12.299515008926392,584,0.000387158914,9.263713278462696
12.309325456619263,585,0.00038837982,9.284089872558859
12.3493013381958,586,0.000388510292,9.370690397467555
12.359646797180176,587,0.000388752611,9.393614065825737
12.397101640701294,588,0.000388184126,9.378331620253618
12.4075448513031,589,0.000389498193,9.368143323205537
12.448947191238403,590,0.000388883083,9.324843060751185
12.45943021774292,591,0.00038837982,9.322295986489166
12.498198986053467,592,0.000388678076,9.332484283537248
12.507259607315063,593,0.000389116089,9.319748912227148
12.51711630821228,594,0.000388584827,9.29427816960694
12.525875568389893,595,0.000388556917,9.271354501248759
12.534961938858032,596,0.000388472981,9.261166204200677
12.545090675354004,597,0.000389498193,9.296825243868966
12.554551362991333,598,0.000388640765,9.347766729109374
12.564086437225342,599,0.000389274501,9.263713278462696
12.60034990310669,600,0.000389041554,9.31720183796513
12.610344171524048,601,0.000388491666,9.322295986489166
12.65231990814209,602,0.000389125402,9.368143323205537
12.662314653396606,603,0.000388510292,9.373237471729574
12.699293851852417,604,0.000387829932,9.352860877633411
12.71085000038147,605,0.000388845772,9.396161140087756
12.749709367752075,606,0.000389097462,9.44964969959019
12.758897542953491,607,0.000388314598,9.472573367948371
12.798728466033936,608,0.000388342509,9.442008476804126
12.80795407295227,609,0.000389414345,9.442008476804126
12.820418357849121,610,0.000388463668,9.457290922376245
12.83120322227478,611,0.000388966931,9.472573367948371
12.840467929840088,612,0.000388603454,9.464932145162308
12.850188732147217,613,0.000388184126,9.470026293686352
12.859163522720337,614,0.000387755397,9.442008476804126
12.901209831237793,615,0.000387419859,9.4012552886118
12.911179780960083,616,0.000388668763,9.439461402542108
12.950129985809326,617,0.00038890171,9.335031357799267
12.96116852760315,618,0.000387783337,9.352860877633411
13.000633716583252,619,0.000388687389,9.373237471729574
13.01063346862793,620,0.000387997716,9.312107689441085
13.052326202392578,621,0.000388817862,9.378331620253618
13.062329053878784,622,0.000387848559,9.335031357799267
13.10100769996643,623,0.000388417073,9.363049174681493
13.11139988899231,624,0.000388892397,9.363049174681493
13.120944261550903,625,0.000388072251,9.429273105494026
13.131582021713257,626,0.000388146815,9.416537734183919
13.141512155532837,627,0.000388827175,9.436914328280082
13.150443315505981,628,0.00038837982,9.416537734183919
13.160428762435913,629,0.000389293185,9.447102625328164
13.199724912643433,630,0.000388156128,9.426726031232
13.20971941947937,631,0.000388659391,9.429273105494026
13.250306606292725,632,0.000390094676,9.53370315023686
13.260115385055542,633,0.000390290399,9.492949962044534
13.299200057983398,634,0.000390588655,9.518420704664734
13.309203624725342,635,0.000389870984,9.477667516472408
13.348668098449707,636,0.000390318339,9.396161140087756
13.358144760131836,637,0.000390644564,9.383425768777656
13.39712119102478,638,0.000390122615,9.396161140087756
13.407142400741577,639,0.000391203765,9.431820179756045
13.416486501693726,640,0.000391082605,9.337578432061292
13.42651629447937,641,0.000391679088,9.322295986489166
13.435387134552002,642,0.000392331451,9.34267258058533
13.444615364074707,643,0.000391716341,9.345219654847348
13.45406436920166,644,0.000391893409,9.322295986489166
13.463891983032227,645,0.000390877569,9.34012550632331
13.499878883361816,646,0.00039165109,9.335031357799267
13.509907722473145,647,0.000392042566,9.332484283537248
13.549587965011597,648,0.000392657676,9.416537734183919
13.55937147140503,649,0.000393580354,9.434367254018063
13.597517967224121,650,0.000393235503,9.434367254018063
13.608105421066284,651,0.00039291862,9.447102625328164
13.647791385650635,652,0.000393431197,9.477667516472408
13.657787561416626,653,0.000393216877,9.508232407616653
13.668104410171509,654,0.000393953145,9.492949962044534
13.699885845184326,655,0.000394558941,9.498044110568571
13.709739208221436,656,0.000393524417,9.523514853188779
13.72058916091919,657,0.000394204777,9.406349437135837
13.73105764389038,658,0.000393962458,9.424178956969982
13.740657091140747,659,0.000394903735,9.4139906599219
13.749771118164062,660,0.000393589668,9.391066991563719
13.758634805679321,661,0.000394064991,9.431820179756045
13.796481609344482,662,0.000395108829,9.434367254018063
13.80648422241211,663,0.000394036993,9.426726031232
13.815470695495605,664,0.000394381845,9.301919392393003
13.852449655532837,665,0.000393962458,9.32993720927523
13.86205530166626,666,0.000393235503,9.253524981414614
13.898549318313599,667,0.000393831986,9.284089872558859
13.908424139022827,668,0.000393598981,9.278995724034822
13.947527647018433,669,0.000392955873,9.4139906599219
13.956681966781616,670,0.000393179565,9.406349437135837
13.967412948608398,671,0.000393300725,9.406349437135837
13.9994375705719,672,0.000394353876,9.406349437135837
14.00942349433899,673,0.000393664202,9.447102625328164
14.021416187286377,674,0.000392527145,9.45983799663827
14.031410455703735,675,0.000393338036,9.48785581352049
14.0404052734375,676,0.000392517832,9.490402887782516
14.049400091171265,677,0.000392909307,9.485308739258471
14.05839467048645,678,0.000393552356,9.482761664996453
14.098372220993042,679,0.000393477821,9.470026293686352
14.108367204666138,680,0.000392881309,9.45983799663827
14.14838433265686,681,0.00039276015,9.312107689441085
14.1573805809021,682,0.000391762936,9.332484283537248
14.197242736816406,683,0.00039174431,9.289184021082903
14.208077430725098,684,0.0003922662,9.312107689441085
14.250250339508057,685,0.000392145041,9.312107689441085
14.259299516677856,686,0.000392443297,9.289184021082903
14.299236536026001,687,0.000391893409,9.32993720927523
14.309325456619263,688,0.000392620364,9.32993720927523
14.320490598678589,689,0.000392145041,9.3885199173017
14.330427408218384,690,0.000392405986,9.419084808445945
14.340486288070679,691,0.000392471295,9.424178956969982
14.349820137023926,692,0.000393151626,9.421631882707963
14.35983657836914,693,0.000393310038,9.416537734183919
14.397798538208008,694,0.000392797461,9.444555551066145
14.408416748046875,695,0.00039193072,9.424178956969982
14.448129177093506,696,0.000392657676,9.429273105494026
14.458508253097534,697,0.00039337526,9.500591184830597
14.495872735977173,698,0.000393142313,9.477667516472408
14.50585651397705,699,0.000392387359,9.470026293686352
14.514851331710815,700,0.000393151626,9.411443585659882
14.548832893371582,701,0.000393598981,9.403802362873819
14.558825969696045,702,0.000392461923,9.378331620253618
14.59681749343872,703,0.000392974558,9.350313803371392
14.605808019638062,704,0.000393906521,9.380878694515637
14.61580777168274,705,0.000393310038,9.357955026157455
14.6247878074646,706,0.000393356662,9.350313803371392
14.633782386779785,707,0.000392676302,9.324843060751185
14.64346957206726,708,0.000392816088,9.319748912227148
14.652055501937866,709,0.00039245261,9.3885199173017
14.662083387374878,710,0.000393487135,9.335031357799267
14.700141668319702,711,0.000392405986,9.360502100419474
14.710134744644165,712,0.000393021153,9.301919392393003
14.75026822090149,713,0.000392806774,9.482761664996453
14.76013970375061,714,0.000392471295,9.508232407616653
14.799432039260864,715,0.00039337526,9.48785581352049
14.810470342636108,716,0.000392471295,9.508232407616653
14.851575136184692,717,0.000393132941,9.503138259092616
14.86208701133728,718,0.000391977286,9.464932145162308
14.899994373321533,719,0.000392219605,9.515873630402716
14.908910036087036,720,0.000393310038,9.47512044221039
14.918996810913086,721,0.00039254583,9.406349437135837
14.929990530014038,722,0.000391874783,9.424178956969982
14.93895936012268,723,0.000392070506,9.396161140087756
14.948815107345581,724,0.000392471295,9.4012552886118
14.957921266555786,725,0.000392713613,9.426726031232
14.995710134506226,726,0.000392806774,9.454743848114227
15.00469183921814,727,0.000392974558,9.4012552886118
15.013686656951904,728,0.000393151626,9.452196773852208
15.050427198410034,729,0.000392033195,9.447102625328164
15.059917449951172,730,0.000392955873,9.393614065825737
15.097913980484009,731,0.000392079819,9.457290922376245
15.10829210281372,732,0.000392844086,9.480214590734434
15.145455598831177,733,0.000393086404,9.548985595808979
15.154612064361572,734,0.000393431197,9.536250224498879
15.164426326751709,735,0.000392769463,9.554079744333023
15.19809865951538,736,0.000392135727,9.543891447284942
15.208092212677002,737,0.000393310038,9.538797298760898
15.220085382461548,738,0.000392704242,9.55917389285706
15.231079339981079,739,0.000392005255,9.510779481878679
15.240074157714844,740,0.000392396672,9.510779481878679
15.249068975448608,741,0.000393067719,9.538797298760898
15.258063793182373,742,0.000392471295,9.536250224498879
15.298020601272583,743,0.00039195866,9.500591184830597
15.307424306869507,744,0.000392275513,9.554079744333023
15.345985174179077,745,0.000392722926,9.439461402542108
15.356144905090332,746,0.000391884096,9.434367254018063
15.365236043930054,747,0.000392042566,9.44964969959019
15.400064945220947,748,0.000392443297,9.485308739258471
15.410468339920044,749,0.000391809561,9.457290922376245
15.451362371444702,750,0.000393580354,9.538797298760898
15.461344480514526,751,0.000392396672,9.523514853188779
15.499340295791626,752,0.000392881309,9.526061927450797
15.509316444396973,753,0.000393598981,9.510779481878679
15.519556045532227,754,0.000393198192,9.57955048695323
15.529879093170166,755,0.000392433984,9.589738784001312
15.538512945175171,756,0.000392480579,9.610115378097476
15.548507452011108,757,0.000392722926,9.577003412691205
15.557687044143677,758,0.000392228947,9.564268041381105
15.595996379852295,759,0.000392098445,9.59483293252535
15.604991436004639,760,0.000392937247,9.574456338429187
15.614985466003418,761,0.000392909307,9.436914328280082
15.652069807052612,762,0.000391846814,9.457290922376245
15.661399126052856,763,0.000391567242,9.44964969959019
15.699400901794434,764,0.000392825401,9.46238507090029
15.709725141525269,765,0.000391949347,9.47512044221039
15.749496936798096,766,0.000391632464,9.408896511397863
15.759977102279663,767,0.00039094282,9.411443585659882
15.799930095672607,768,0.000392107788,9.385972843039674
15.809814214706421,769,0.000391268986,9.365596248943511
15.821883201599121,770,0.00038988961,9.44964969959019
15.832002878189087,771,0.000390486093,9.444555551066145
15.842025995254517,772,0.000390700501,9.439461402542108
15.851167917251587,773,0.000390700501,9.44964969959019
15.861080884933472,774,0.000390439498,9.444555551066145
15.899484634399414,775,0.000389870984,9.444555551066145
15.910138845443726,776,0.000389833731,9.444555551066145
15.947619438171387,777,0.000388081564,9.406349437135837
15.958844661712646,778,0.000388044282,9.454743848114227
15.996491432189941,779,0.000388575543,9.46238507090029
16.00614094734192,780,0.000388230663,9.416537734183919
16.01620841026306,781,0.000387401233,9.263713278462696
16.05063009262085,782,0.000387727399,9.29427816960694
16.06148362159729,783,0.000387531705,9.28154279829684
16.09975528717041,784,0.000387363922,9.271354501248759
16.110037565231323,785,0.000387857872,9.28154279829684
16.120621919631958,786,0.000386636966,9.312107689441085
16.131108045578003,787,0.000385807507,9.28154279829684
16.141467332839966,788,0.000386851345,9.29427816960694
16.15148377418518,789,0.000386226922,9.332484283537248
16.160956382751465,790,0.000385798194,9.312107689441085
16.201432466506958,791,0.000386171014,9.299372318130985
16.211467027664185,792,0.000386431959,9.258619129938658
16.253243446350098,793,0.000385621126,9.406349437135837
16.263161659240723,794,0.000386124389,9.360502100419474
16.300482273101807,795,0.000385397434,9.337578432061292
16.310369968414307,796,0.000385033956,9.431820179756045
16.350502967834473,797,0.000386077794,9.215318867484314
16.36063551902771,798,0.000386152329,9.240789610104514
16.401169538497925,799,0.000386506494,9.230601313056432
16.411124229431152,800,0.000386525178,9.253524981414614
16.422064781188965,801,0.000385192398,9.144000788147743
16.432284116744995,802,0.000385425403,9.154189085195824
16.443125009536743,803,0.000385089865,9.128718342575617
16.453449964523315,804,0.000386366708,9.121077119789554
16.46284246444702,805,0.000385499967,9.159283233719862
16.499932765960693,806,0.000385872758,9.14909493667178
16.508922576904297,807,0.000385826133,9.151642010933799
16.550355672836304,808,0.000384595915,9.273901575510777
16.560458660125732,809,0.000384651852,9.309560615179066
16.59987473487854,810,0.000384875515,9.29427816960694
16.610289335250854,811,0.000384586601,9.307013540917048
16.6520836353302,812,0.000384968705,9.205130570436232
16.661064863204956,813,0.00038572363,9.261166204200677
16.7004451751709,814,0.000384754356,9.238242535842495
16.710078954696655,815,0.000385304244,9.238242535842495
16.719687700271606,816,0.000385248306,9.08796515438329
16.730313777923584,817,0.000385304244,9.098153451431372
16.739174842834473,818,0.000384353596,9.07777685733521
16.749810934066772,819,0.000385201711,9.070135634549146
16.75981044769287,820,0.000385378808,9.06249441176309
16.798913955688477,821,0.000384698447,9.105794674217435
16.8091139793396,822,0.000385499967,9.110888822741472
16.85002303123474,823,0.000383002218,9.21022471896027
16.85980987548828,824,0.000383235223,9.228054238794414
16.89793086051941,825,0.00038306744,9.215318867484314
16.908342361450195,826,0.00038285309,9.20767764469825
16.947927236557007,827,0.000381361926,9.20767764469825
16.957841873168945,828,0.00038125008,9.21022471896027
16.99621343612671,829,0.000381790625,9.19494227338815
17.006646871566772,830,0.000381212798,9.253524981414614
17.016431093215942,831,0.000379880046,9.131265416837635
17.027462244033813,832,0.000379423349,9.019194149308738
17.037357807159424,833,0.000380560406,9.07522978307319
17.047525882720947,834,0.000379255624,9.080323931597228
17.05624270439148,835,0.000380476529,9.07777685733521
17.06623649597168,836,0.000379208999,9.070135634549146
17.09909224510193,837,0.000379870733,9.02938244635682
17.109436511993408,838,0.000379255624,8.998817555212575
17.147177696228027,839,0.000375341246,9.065041486025109
17.1570246219635,840,0.000374791358,9.080323931597228
17.194415807724,841,0.000375136209,9.070135634549146
17.204396963119507,842,0.000374977768,9.095606377169354
17.21407699584961,843,0.000374306721,9.159283233719862
17.250432014465332,844,0.000373654329,9.121077119789554
17.26044225692749,845,0.000373598392,9.138906639623698
17.298735857009888,846,0.000373076502,9.118530045527535
17.308977603912354,847,0.000373617047,9.115982971265517
17.3198082447052,848,0.000372675742,8.975893886854394
17.330936908721924,849,0.000372442766,9.054853188977027
17.340846061706543,850,0.000372312265,9.01664707504672
17.349772930145264,851,0.000372433424,8.983535109640457
17.358611345291138,852,0.000371771719,9.001364629474594
17.396814107894897,853,0.00037285281,9.01664707504672
17.407365798950195,854,0.000371967413,9.009005852260657
17.417367935180664,855,0.000372489332,9.011552926522675
17.45126986503601,856,0.000372992625,9.00391170373662
17.461519241333008,857,0.00037174375,9.024288297832783
17.498439073562622,858,0.000372219045,9.026835372094801
17.50907611846924,859,0.000372582552,9.014100000784701
17.546255350112915,860,0.000373430667,9.12362419405158
17.557018518447876,861,0.000372983282,9.07522978307319
17.56641435623169,862,0.000372302951,9.093059302907335
17.598028659820557,863,0.000373169692,9.08796515438329
17.60839319229126,864,0.000372526614,9.072682708811172
17.620018005371094,865,0.000373598392,9.054853188977027
17.6310772895813,866,0.000373356073,9.011552926522675
17.641152143478394,867,0.000373458635,9.02938244635682
17.651294469833374,868,0.000373868679,8.998817555212575
17.660362005233765,869,0.000372871466,9.006458777998638
17.69748044013977,870,0.000373570452,8.993723406688538
17.7071316242218,871,0.000373635703,8.98098803537843
17.74248433113098,872,0.000371678529,8.978440961116412
17.75385308265686,873,0.000371585309,8.965705589806312
17.763417720794678,874,0.00037205132,9.001364629474594
17.79643177986145,875,0.000371603935,8.973346812592375
17.80610489845276,876,0.000370932918,8.958064367020249
17.8161780834198,877,0.000369031652,8.983535109640457
17.848340272903442,878,0.000369684072,9.021741223570757
17.857523918151855,879,0.000368854584,8.952970218496212
17.893619775772095,880,0.000369721325,8.930046550138023
17.90261197090149,881,0.000368351291,8.978440961116412
17.91260600090027,882,0.000365592598,8.772127945892763
17.92160129547119,883,0.000365984044,8.731374757700436
17.930596590042114,884,0.000365387561,8.784863317202863
17.939590454101562,885,0.00036473517,8.795051614250944
17.948585271835327,886,0.000365061365,8.772127945892763
17.957580089569092,887,0.000365900167,8.74920427753458
17.994574308395386,888,0.00036581626,8.736468906224474
18.003570079803467,889,0.00036562988,8.769580871630744
18.01256251335144,890,0.000360941951,8.833257728181252
18.05094289779663,891,0.000360690319,8.802692837037007
18.060412406921387,892,0.000360979262,8.820522356871152
18.098483324050903,893,0.000361221581,8.828163579657208
18.108568906784058,894,0.00036155706,8.807786985561044
18.146090030670166,895,0.000358406949,8.670244975411947
18.15613842010498,896,0.000357586803,8.682980346722047
18.165133953094482,897,0.000357801153,8.688074495246092
18.198115348815918,898,0.00035720467,8.660056678363866
18.209108591079712,899,0.000358024816,8.652415455577803
18.221126794815063,900,0.000355788041,8.563267856407087
18.23103904724121,901,0.000355657568,8.54543833657295
18.24087381362915,902,0.000356393837,8.550532485096987
18.250072717666626,903,0.000355750759,8.525061742476787
18.25946593284607,904,0.000355769414,8.519967593952742
18.299457788467407,905,0.000356021046,8.553079559359006
18.30967092514038,906,0.000356794597,8.535250039524868
18.35020637512207,907,0.000354501884,8.598926896075376
18.360072135925293,908,0.000354557822,8.61930349017154
18.399232149124146,909,0.000355471158,8.61675641590952
18.40942668914795,910,0.000354651012,8.642227158529721
18.44940495491028,911,0.000354977208,8.446102440354153
18.460427284240723,912,0.00035482808,8.433367069044046
18.49953818321228,913,0.00035384018,8.433367069044046
18.508536338806152,914,0.000353924057,8.456290737402234
18.51853036880493,915,0.000353495328,8.471573182974353
18.529537677764893,916,0.000353588548,8.441008291830109
18.53851890563965,917,0.000353057316,8.430819994782027
18.547513723373413,918,0.000353458046,8.448649514616172
18.55750870704651,919,0.000352889561,8.428272920520008
18.566489458084106,920,0.000352348987,8.430819994782027
18.59835457801819,921,0.000352721778,8.458837811664253
18.60759472846985,922,0.000353038689,8.441008291830109
18.616589307785034,923,0.000347996596,8.31874872725313
18.650089979171753,924,0.000348574424,8.359501915445456
18.6604266166687,925,0.000349133625,8.285636761846867
18.697224855422974,926,0.000348052505,8.31874872725313
18.707218885421753,927,0.000348900649,8.334031172825256
18.71622920036316,928,0.000345927576,8.193942088414133
18.74740242958069,929,0.000346039393,8.209224533986252
18.75730562210083,930,0.000345853012,8.214318682510296
18.767353296279907,931,0.000346244458,8.227054053820396
18.79782271385193,932,0.000346132612,8.209224533986252
18.80783700942993,933,0.000345899607,8.216865756772314
18.82029390335083,934,0.000341575185,8.29327798463293
18.83142876625061,935,0.000340848201,8.262713093488685
18.841071367263794,936,0.000340624538,8.285636761846867
18.85046672821045,937,0.000340950734,8.280542613322822
18.86104917526245,938,0.000341463339,8.283089687584848
18.899301767349243,939,0.000340745668,8.285636761846867
18.909647703170776,940,0.000341183739,8.267807242012722
18.94671607017517,941,0.000336439873,8.09970034071938
18.95669674873352,942,0.00033628146,8.061494226789073
18.96606683731079,943,0.000337148202,8.071682523837154
18.997314929962158,944,0.000336477155,8.109888637767462
19.008756399154663,945,0.000335880701,8.081870820885236
19.04848575592041,946,0.000334389508,8.150641825959788
19.05778455734253,947,0.000335051212,8.16083012300787
19.095290184020996,948,0.000334072625,8.143000603173725
19.105724334716797,949,0.000334314944,8.143000603173725
19.11443042755127,950,0.000333737116,8.102247414981399
19.12427806854248,951,0.000332870375,8.086964969409273
19.133402347564697,952,0.000332385738,8.061494226789073
19.14204168319702,953,0.000332972879,8.12517108333958
19.151427268981934,954,0.000333578675,8.071682523837154
19.161054611206055,955,0.000333000848,8.109888637767462
19.19984483718872,956,0.000332422991,8.104794489243417
19.20982575416565,957,0.000332590746,8.071682523837154
19.250802755355835,958,0.00032908647,8.008005667286646
19.2597975730896,959,0.000329664297,8.002911518762602
19.299774646759033,960,0.000329002592,7.990176147452502
19.30976891517639,961,0.000328163791,8.02838226138281
19.347583293914795,962,0.000326970854,7.99272322171452
19.357882738113403,963,0.000326980167,7.995270295976539
19.367672443389893,964,0.000326262525,7.985081998928457
19.400732040405273,965,0.000326868321,7.962158330570276
19.409852504730225,966,0.00032652347,8.020741038596746
19.42184543609619,967,0.0003235318,7.796598503538952
19.43183970451355,968,0.000323867309,7.852634137303397
19.442075490951538,969,0.000324473105,7.81442802337309
19.451332330703735,970,0.000325097557,7.81442802337309
19.460245847702026,971,0.00032374615,7.852634137303397
19.49770760536194,972,0.000325004337,7.844992914517334
19.507702112197876,973,0.000323662272,7.81442802337309
19.544888734817505,974,0.000318461738,7.776221909442789
19.555739402770996,975,0.000318499049,7.778768983704808
19.56597638130188,976,0.000318713399,7.81442802337309
19.597642183303833,977,0.000318368548,7.768580686656726
19.608872652053833,978,0.000319468294,7.806786800587034
19.64821767807007,979,0.000315973331,7.692168458796111
19.657212495803833,980,0.00031643,7.7099979786302555
19.694072484970093,981,0.000315889483,7.704903830106218
19.704703330993652,982,0.000315936049,7.7023567558441925
19.713783740997314,983,0.000315563258,7.674338938961974
19.72302508354187,984,0.000316905353,7.666697716175911
19.73299288749695,985,0.000316010613,7.697262607320155
19.74204158782959,986,0.000316718942,7.712545052892274
19.75203824043274,987,0.000316094491,7.671791864699948
19.760843753814697,988,0.000315311627,7.6819801617480294
19.798241138458252,989,0.000316504593,7.671791864699948
19.80827569961548,990,0.000316728256,7.717639201416318
19.846707344055176,991,0.000315898797,7.679433087486011
19.857025146484375,992,0.000315870828,7.661603567651866
19.866353034973145,993,0.00031643,7.725280424202381
19.897321224212646,994,0.000315898797,7.694715533058137
19.90695595741272,995,0.000316877384,7.684527236010055
19.91712474822998,996,0.000316169055,7.7099979786302555
19.94791316986084,997,0.000316774851,7.671791864699948
